Steps,Policy/Extrinsic Value Estimate,Policy/Entropy,Environment/Cumulative Reward,Environment/Episode Length,Policy/Extrinsic Reward
4002000,1.2910788,0.89172846,22.276000122656114,1477.0,22.276000566780567
4003000,1.2986338,0.88216287,22.204000111785717,1476.0,None
4004000,1.2662213,0.87640923,None,None,22.20400059968233
4005000,1.3413987,0.8982418,22.13300011411775,1476.0,22.133000075817108
4006000,1.2870235,0.88258773,21.201000114670023,1476.0,None
4007000,1.2707107,0.8157703,None,None,21.200999677181244
4008000,1.2951351,0.8629476,12.76500007964205,1014.0,12.764999568462372
4009000,1.2759928,0.88899183,22.238000117475167,1461.0,22.238000005483627
4010000,1.2952955,0.84036577,7.513000046019442,558.0,7.512999966740608
4011000,1.2805122,0.8270438,21.020000106771477,1459.0,21.019999910145998
4012000,1.308976,0.85911155,None,None,None
4013000,1.3105214,0.872123,15.353000080911443,1022.0,15.352999851107597
4014000,1.3214477,0.8391683,None,None,None
4015000,1.2812716,0.92324644,21.13600011053495,1465.0,21.13600055873394
4016000,1.3259945,0.83271176,22.120000116876327,1476.0,22.119999453425407
4017000,1.3394583,0.81867915,None,None,None
4018000,1.305531,0.8484561,20.958000112790614,1476.0,20.95800058543682
4019000,1.3413923,0.80942416,22.124000113923103,1476.0,22.12399946153164
4020000,1.2924855,0.7876941,None,None,None
4021000,1.2692477,0.8507731,10.046500060358085,775.0,10.046499863266945
4022000,1.3646884,0.84890616,22.08100011642091,1467.0,22.0810007750988
4023000,1.2962388,0.88224447,None,None,None
4024000,1.2681623,0.8727732,7.583666710842711,581.6666666666666,7.5836666996280355
4025000,1.29338,0.7323503,20.999000115320086,1467.0,20.99900036305189
4026000,1.2853736,0.89957875,0.11000000312924385,75.0,0.10999996960163116
4027000,1.30255,0.9036873,22.276000113459304,1466.0,22.276000425219536
4028000,1.2946658,0.9009561,None,None,None
4029000,1.3070396,0.818451,11.199500063434243,778.5,11.199499621987343
4030000,1.3229197,0.8810554,20.04100011009723,1460.0,20.040999718010426
4031000,1.3159993,0.9003366,None,None,None
4032000,1.2980188,0.83639127,11.147000059951097,771.0,11.147000044584274
4033000,1.3174196,0.8200392,21.11600011284463,1474.0,21.11600049585104
4034000,1.2898377,0.82481265,None,None,None
4035000,1.2836856,0.83800644,18.78700010292232,1419.0,18.786999635398388
4036000,1.3575284,0.89481413,21.162000114563853,1468.0,21.162000220268965
4037000,1.309155,0.8962704,None,None,None
4038000,1.2684875,0.91460425,10.663500060793012,770.5,10.663500225171447
4039000,1.3190545,0.8743247,22.39300012215972,1475.0,22.39300075918436
4040000,1.2847075,0.91996145,None,None,None
4041000,1.2975013,0.91210926,22.350000128964894,1476.0,22.350000016391277
4042000,1.306505,0.8712836,22.243000104674138,1476.0,22.243000835180283
4043000,1.3016434,0.8570896,None,None,None
4044000,1.2962492,0.83418584,22.188000113819726,1476.0,22.18800061941147
4045000,1.2660158,0.8567186,22.153000116581097,1476.0,22.152999587357044
4046000,1.3368895,0.8182291,None,None,None
4047000,1.3486603,0.87390083,22.03500011865981,1476.0,22.035000383853912
4048000,1.2956574,0.8702271,22.20700011542067,1476.0,22.207000359892845
4049000,1.3120937,0.8899027,None,None,None
4050000,1.3207853,0.8185196,21.19500010786578,1476.0,21.195000156760216
4051000,1.3534813,0.82625014,21.03800011309795,1476.0,21.03799945861101
4052000,1.2828562,0.9390681,11.42900006507989,882.0,11.428999230265617
4053000,1.318784,0.8614199,None,None,None
4054000,1.3083352,0.8903357,22.257000122917816,1463.0,22.257000032812357
4055000,1.3148937,0.88108206,22.274000111152418,1476.0,22.27400004863739
4056000,1.3130007,0.8708636,None,None,None
4057000,1.3020897,0.8371795,13.189000074460637,942.0,13.189000438898802
4058000,1.3025682,0.92925763,22.188000119640492,1461.0,22.18799974769354
4059000,1.31623,0.8457244,None,None,None
4060000,1.2891065,0.8458234,22.09400012588594,1476.0,22.093999691307545
4061000,1.3182766,0.8470874,21.23300012049731,1476.0,21.23300026357174
4062000,1.3188095,0.89828,None,None,None
4063000,1.3156217,0.885799,22.17100011347793,1476.0,22.17100028693676
4064000,1.3110586,0.8481664,22.17000012344215,1476.0,22.17000036686659
4065000,1.3290001,0.9065559,None,None,None
4066000,1.3203306,0.82157564,22.11500011116732,1476.0,22.114999797195196
4067000,1.3200893,0.863104,10.661500058078673,765.0,21.212999761104584
4068000,1.3279309,0.8007872,None,None,0.10999977588653564
4069000,1.2897171,0.8436706,10.610500064794905,770.0,10.610499871894717
4070000,1.3140872,0.8983247,None,None,None
4071000,1.353751,0.87885636,22.123000111430883,1471.0,22.122999787330627
4072000,1.2892079,0.8794886,22.367000117432326,1476.0,22.367000326514244
4073000,1.3327695,0.8717079,None,None,None
4074000,1.3290595,0.79249096,22.194000112824142,1476.0,22.194000340998173
4075000,1.333508,0.8587002,20.957000110065565,1476.0,20.9570010304451
4076000,1.3342943,0.7822456,None,None,None
4077000,1.2787262,0.9143393,21.082000126945786,1476.0,21.08200004696846
4078000,1.2804654,0.8717005,17.595000101136975,1286.0,17.594999939203262
4079000,1.3343966,0.8497271,21.080000117071904,1469.0,21.079999953508377
4080000,1.3376149,0.8226365,1.5040000090375543,231.0,1.5040002912282944
4081000,1.3139368,0.82295674,13.906000094139017,1045.0,13.905999891459942
4082000,1.3084891,0.84508204,21.068000128376298,1463.0,21.06800041347742
4083000,1.3089871,0.8767877,None,None,None
4084000,1.3537226,0.87392396,22.174000116996467,1476.0,22.173999562859535
4085000,1.31953,0.81262505,11.191500064567663,769.5,11.191499628126621
4086000,1.2977074,0.8737447,None,None,None
4087000,1.3050299,0.82669723,11.308000066899695,854.0,11.308000221848488
4088000,1.304184,0.89098847,21.200000107754022,1475.0,21.200000427663326
4089000,1.3265724,0.851179,None,None,None
4090000,1.3174835,0.85394305,11.21300006005913,823.5,11.213000245392323
4091000,1.3220478,0.86797464,None,None,None
4092000,1.2759169,0.8695052,13.767500073474366,991.5,13.767499934881926
4093000,1.3176708,0.8848832,None,None,None
4094000,1.3243524,0.900646,21.253000118071213,1468.0,21.2529999576509
4095000,1.2775154,0.81345695,11.223500064923428,781.5,11.223499611020088
4096000,1.310289,0.84124243,None,None,None
4097000,1.3337681,0.8403239,22.11700011882931,1470.0,22.11699991673231
4098000,1.3121822,0.86869943,22.179000115487725,1476.0,22.178999304771423
4099000,1.2755233,0.8747485,12.654000069131143,978.0,12.654000669717789
4100000,1.2803404,0.90038395,None,None,None
4101000,1.300175,0.88384753,11.78650006413227,849.5,11.786500353366137
4102000,1.2929823,0.8158348,22.267000123043545,1472.0,22.266999427229166
4103000,1.3357188,0.857429,None,None,None
4104000,1.2941496,0.8632754,21.03800010785926,1476.0,21.038000784814358
4105000,1.3166617,0.9117593,22.32800011744257,1476.0,22.32799983024597
4106000,1.2912457,0.8657675,None,None,None
4107000,1.2855414,0.923854,22.150000119698234,1476.0,22.149999395012856
4108000,1.3360182,0.87539804,21.26000011432916,1476.0,21.260000087320805
4109000,1.3108361,0.8799021,1.6220000175526366,237.0,1.6219999492168427
4110000,1.3061676,0.92734355,22.311000121757388,1468.0,22.311000041663647
4111000,1.284402,0.8430762,3.483666690532118,305.0,3.4836663554112115
4112000,1.2877576,0.8547039,None,None,None
4113000,1.2939714,0.898947,22.156000122544356,1462.0,22.155999606475234
4114000,1.2824754,0.8672119,22.240000116988085,1476.0,22.24000032246113
4115000,1.3148029,0.86694133,None,None,None
4116000,1.2977571,0.912202,21.15900010371115,1476.0,21.15900021791458
4117000,1.3087287,0.7882538,22.31400012935046,1476.0,22.314000070095062
4118000,1.3095484,0.86788297,16.39800009597093,1233.0,16.39799938350916
4119000,1.3054922,0.8847547,None,None,None
4120000,1.3290918,0.86895555,22.29900012316648,1473.0,22.299000419676304
4121000,1.3277876,0.8926053,22.33800010860432,1476.0,22.337999865412712
4122000,1.3007505,0.80791295,None,None,None
4123000,1.3106421,0.84036416,11.193500057735946,769.0,11.193500004708767
4124000,1.3394964,0.9240446,21.127000107313506,1463.0,21.127000618726015
4125000,1.3097908,0.86691326,None,None,None
4126000,1.2941194,0.9176175,22.223000127938576,1476.0,22.223000466823578
4127000,1.3421657,0.8218448,21.12100010958966,1476.0,21.12099999189377
4128000,1.2858315,0.85426825,None,None,None
4129000,1.3075019,0.83576983,12.459500074968673,890.5,12.459499567747116
4130000,1.3123645,0.8843802,None,None,None
4131000,1.3386694,0.890488,21.96000010764692,1466.0,21.95999988168478
4132000,1.2960308,0.90036947,7.5725000449456275,556.0,7.572500176727772
4133000,1.2799251,0.8402433,22.329000119003467,1462.0,22.328999869525433
4134000,1.3103666,0.8227602,None,None,None
4135000,1.2763513,0.8211942,21.003000112017617,1476.0,21.00300058349967
4136000,1.3188163,0.87931305,14.920000084326603,1108.0,14.919999852776527
4137000,1.3053751,0.8956218,22.281000114046037,1466.0,22.280999936163425
4138000,1.3155456,0.8323645,1.4920000184793025,204.0,1.4920000955462456
4139000,1.2986946,0.82431096,21.059000114444643,1468.0,21.05899991840124
4140000,1.2890246,0.79430455,None,None,None
4141000,1.2677658,0.92616993,22.108000124339014,1476.0,22.108000695705414
4142000,1.2677811,0.8550397,22.243000117246993,1476.0,22.242999628186226
4143000,1.2855903,0.9045084,16.37900009949226,1200.0,16.378999680280685
4144000,1.3270714,0.82005066,None,None,None
4145000,1.3071697,0.82412916,21.999000122305006,1473.0,21.99899999052286
4146000,1.2950895,0.8438447,21.11100010946393,1476.0,21.11100009083748
4147000,1.3166811,0.87346065,None,None,None
4148000,1.301316,0.8556023,22.196000116644427,1476.0,22.196000829339027
4149000,1.3049713,0.8406733,21.23400010901969,1476.0,21.234000027179718
4150000,1.297697,0.8625034,None,None,None
4151000,1.2920543,0.8807277,22.20000010705553,1476.0,22.200001008808613
4152000,1.277322,0.87528497,22.251000115647912,1476.0,22.25100040063262
4153000,1.309511,0.87147063,None,None,None
4154000,1.3116903,0.85992014,16.393000094336458,1165.0,16.39299987256527
4155000,1.3307775,0.84395385,21.19400011259131,1475.0,21.194000363349915
4156000,1.2937996,0.8822813,None,None,None
4157000,1.3175771,0.8277453,22.21900011668913,1476.0,22.219000712037086
4158000,1.3237071,0.9139778,18.74900011275895,1328.0,18.74899996817112
4159000,1.3030914,0.83222216,22.138000113423914,1460.0,22.13800024613738
4160000,1.3120592,0.90120405,None,None,None
4161000,1.3199568,0.86628497,21.22300010616891,1476.0,21.22300051152706
4162000,1.2796706,0.89835066,11.255000062345061,781.5,11.254999838769436
4163000,1.2988584,0.86066425,None,None,None
4164000,1.2921937,0.8885174,21.1940001193434,1470.0,21.193999156355858
4165000,1.3391328,0.8927478,21.240000107092783,1476.0,21.240000128746033
4166000,1.3209825,0.8706536,None,None,None
4167000,1.3139424,0.9156171,22.270000126678497,1476.0,22.269999377429485
4168000,1.2907872,0.9142579,22.29700011096429,1476.0,22.297000385820866
4169000,1.2982321,0.87794614,None,None,None
4170000,1.2922387,0.87441826,11.39350006886525,857.5,11.393500089645386
4171000,1.3049453,0.8755866,None,None,None
4172000,1.2841394,0.85773146,21.141000113100745,1466.0,21.140999283641577
4173000,1.3229086,0.86313885,21.046000101719983,1476.0,21.045999944210052
4174000,1.2848773,0.83478546,None,None,None
4175000,1.3377168,0.8674479,21.077000115532428,1476.0,21.07700004428625
4176000,1.318646,0.87516403,22.198000115924515,1476.0,22.198000323027372
4177000,1.2363176,0.7972776,7.575000046403147,636.0,7.5749999433755875
4178000,1.2894785,0.880715,22.18900011840742,1463.0,22.188999515026808
4179000,1.3010979,0.87979734,None,None,None
4180000,1.2967025,0.913836,21.24800011422485,1476.0,21.248000115156174
4181000,1.335493,0.92080206,22.281000117538497,1476.0,22.281000062823296
4182000,1.2947209,0.86681163,None,None,None
4183000,1.3135393,0.8763039,22.060000116121955,1476.0,22.059999972581863
4184000,1.3568913,0.8376905,22.14900011313148,1476.0,22.14900016784668
4185000,1.30461,0.8640982,None,None,None
4186000,1.3167204,0.8537205,22.32100012002047,1476.0,22.32100012898445
4187000,1.3252338,0.7929481,21.126000110409223,1476.0,21.126000180840492
4188000,1.3483931,0.81150216,None,None,None
4189000,1.3137405,0.8877291,20.97900011378806,1476.0,20.979000329971313
4190000,1.2853476,0.88668746,22.304000124218874,1476.0,22.303998969495296
4191000,1.3013184,0.8832877,2.7870000216644257,302.0,2.786999896168709
4192000,1.3231152,0.834718,11.245500061486382,783.5,11.24550005979836
4193000,1.312283,0.8956083,None,None,None
4194000,1.294821,0.9505595,22.257000124431215,1459.0,22.257000224664807
4195000,1.3307824,0.8453528,22.23000011953991,1476.0,22.229999642819166
4196000,1.2959827,0.86025405,None,None,None
4197000,1.3096799,0.813342,11.107500063139014,776.5,11.10750039294362
4198000,1.3435385,0.7842155,20.97100011596922,1464.0,20.970999635756016
4199000,1.3396266,0.79953337,None,None,None
4200000,1.3128587,0.91013354,21.099000111571513,1476.0,21.09900039434433
4201000,1.3428714,0.8281659,22.011000116472133,1476.0,22.011000283062458
4202000,1.3010377,0.85932577,None,None,None
4203000,1.2946303,0.89539415,21.168000126141123,1476.0,21.16800005733967
4204000,1.331595,0.8501028,21.193000113940798,1476.0,21.193000309169292
4205000,1.3042201,0.9288748,None,None,None
4206000,1.2907692,0.8357237,15.630000081378967,1086.0,15.630000218749046
4207000,1.2768103,0.8622891,2.6840000186736384,253.33333333333334,2.6840000599622726
4208000,1.3098079,0.85284746,None,None,None
4209000,1.3349285,0.8691135,21.122000115108676,1460.0,21.122000109404325
4210000,1.3133078,0.8410224,21.097000120440498,1476.0,21.096999794244766
4211000,1.2928776,0.93045276,None,None,None
4212000,1.3304449,0.80289304,10.651500061969273,779.5,10.651500061154366
4213000,1.2912784,0.8328135,21.233000113046728,1475.0,21.233000196516514
4214000,1.3138506,0.8736037,None,None,None
4215000,1.3345904,0.81975275,21.321000112919137,1476.0,21.320999324321747
4216000,1.3465729,0.855938,20.00000011594966,1443.0,19.99999964237213
4217000,1.3051479,0.82652503,None,None,None
4218000,1.2771959,0.86810625,22.002000114764087,1460.0,22.001999765634537
4219000,1.3083633,0.8859863,16.212000091327354,1187.0,16.212000221014023
4220000,1.299773,0.9086455,22.143000117037445,1470.0,22.143000409007072
4221000,1.3159686,0.8767228,None,None,None
4222000,1.340233,0.8124821,21.140000109444372,1476.0,21.140000224113464
4223000,1.3110268,0.88568974,20.995000110240653,1476.0,20.995000027120113
4224000,1.3033508,0.92748386,None,None,None
4225000,1.336459,0.8007548,22.33800012152642,1476.0,22.337999902665615
4226000,1.2652645,0.8950917,17.65600009507034,1287.0,17.655999794602394
4227000,1.3147209,0.9018402,None,None,None
4228000,1.2675571,0.8920533,22.272000118740834,1468.0,22.271999925374985
4229000,1.3397442,0.7935706,22.014000110095367,1476.0,22.01399974524975
4230000,1.3132298,0.89239717,None,None,None
4231000,1.3091755,0.87366647,22.192000107606873,1476.0,22.19200064241886
4232000,1.3285143,0.8714279,22.073000113945454,1476.0,22.07300065457821
4233000,1.3371189,0.830039,None,None,None
4234000,1.276412,0.8677991,21.073000109870918,1476.0,21.072999827563763
4235000,1.3221133,0.85284674,21.124000107869506,1476.0,21.12400061264634
4236000,1.316435,0.8368007,None,None,None
4237000,1.3527234,0.8675109,21.134000109159388,1476.0,21.133999601006508
4238000,1.2849909,0.8241558,22.29700012668036,1476.0,22.29700008034706
4239000,1.2849064,0.8417176,3.978000033646822,407.0,3.9780000746250153
4240000,1.3258197,0.84926933,22.169000118854456,1462.0,22.169000547379255
4241000,1.3190514,0.82660013,None,None,None
4242000,1.3185073,0.9297202,11.793000065954402,833.5,11.793000094592571
4243000,1.3250247,0.8352807,21.02000010444317,1464.0,21.020000733435154
4244000,1.3256068,0.9237217,None,None,None
4245000,1.311285,0.8713263,22.219000119133852,1476.0,22.219000071287155
4246000,1.2718214,0.8474233,22.245000122929923,1476.0,22.24500036239624
4247000,1.3183515,0.8996721,None,None,None
4248000,1.3047578,0.8828661,22.250000127707608,1476.0,22.249999701976776
4249000,1.3219914,0.8001672,21.199000108754262,1476.0,21.198999486863613
4250000,1.3327792,0.84797055,None,None,None
4251000,1.3326741,0.88216263,21.16800011403393,1476.0,21.16800009459257
4252000,1.3374162,0.8841409,15.089000090374611,1110.0,15.088999852538109
4253000,1.3170314,0.8603845,21.150000110385008,1465.0,21.150000659748912
4254000,1.313957,0.8219173,None,None,None
4255000,1.2926061,0.80983615,21.051000115228817,1476.0,21.051000081002712
4256000,1.3276943,0.91189027,22.063000119640492,1476.0,22.062999814748764
4257000,1.3197242,0.8918617,None,None,None
4258000,1.335114,0.8771042,21.101000113412738,1476.0,21.10100021958351
4259000,1.3104197,0.8715997,22.052000114461407,1476.0,22.0520006865263
4260000,1.3060838,0.863428,None,None,None
4261000,1.2876904,0.8126162,11.116000059060752,788.5,11.116000022739172
4262000,1.3464983,0.8039609,None,None,None
4263000,1.3337021,0.8924703,21.00900012033526,1473.0,21.009000085294247
4264000,1.3470141,0.86883986,22.189000109327026,1476.0,22.18900056183338
4265000,1.3254726,0.8985014,None,None,None
4266000,1.2791474,0.8812676,15.695000085514039,1107.5,15.695000180974603
4267000,1.3256037,0.8796319,None,None,None
4268000,1.3335056,0.8367713,21.25000011420343,1475.0,21.250000290572643
4269000,1.3264204,0.87560815,21.10700011521112,1476.0,21.107000082731247
4270000,1.3131812,0.8657272,None,None,None
4271000,1.3345075,0.89443564,22.0760001122253,1476.0,22.076000288128853
4272000,1.325857,0.8394153,11.676500059780665,794.5,11.676499973982573
4273000,1.3142794,0.83020425,None,None,None
4274000,1.3116106,0.8591436,22.182000119239092,1461.0,22.18199942819774
4275000,1.3273441,0.785741,22.1610001148656,1476.0,22.16100025177002
4276000,1.330693,0.8721563,None,None,None
4277000,1.3136654,0.82786334,13.619000079517718,981.5,13.619000259786844
4278000,1.292256,0.89251816,None,None,None
4279000,1.2983764,0.83472544,10.599000062851701,767.5,10.599000040441751
4280000,1.3120807,0.8863939,22.162000118405558,1470.0,22.161999762058258
4281000,1.3259001,0.9154773,None,None,None
4282000,1.3074816,0.9198309,22.233000111649744,1476.0,22.23300028592348
4283000,1.3748062,0.79955375,22.11100010725204,1476.0,22.110999554395676
4284000,1.3008871,0.86351955,None,None,None
4285000,1.2945625,0.79662263,7.527333378908224,549.0,7.527333212395509
4286000,1.3208368,0.89212996,10.129000058979727,770.0,10.129000388085842
4287000,1.3050987,0.8836541,22.21100012003444,1468.0,22.210999362170696
4288000,1.3054658,0.8524134,None,None,None
4289000,1.2785459,0.834179,11.141500056895893,776.0,11.14149970933795
4290000,1.3486032,0.9031946,22.046000119298697,1464.0,22.04600001871586
4291000,1.307115,0.864895,None,None,None
4292000,1.3028512,0.89657843,21.259000119986013,1476.0,21.259000308811665
4293000,1.3276746,0.89488083,22.28800011705607,1476.0,22.28799955546856
4294000,1.3068926,0.8790588,None,None,None
4295000,1.3244342,0.8542593,22.19800012104679,1476.0,22.19799955189228
4296000,1.3064418,0.8689017,10.722500065050554,769.0,21.26300000399351
4297000,1.3316005,0.82500666,None,None,0.18199992179870605
4298000,1.2899351,0.85935616,14.009000082151033,1083.0,14.009000152349472
4299000,1.3233497,0.86152655,21.10200012475252,1462.0,21.102000296115875
4300000,1.3110054,0.88121265,None,None,None
4301000,1.3179288,0.8735954,22.37200011475943,1476.0,22.37199918180704
4302000,1.3165395,0.8761623,12.289000066346489,846.0,12.288999903947115
4303000,1.2937993,0.92983145,None,None,None
4304000,1.3430132,0.88003755,22.38600012869574,1473.0,22.386000588536263
4305000,1.320854,0.82079285,22.28300011868123,1476.0,22.282999590039253
4306000,1.3070619,0.8279789,None,None,None
4307000,1.3008108,0.9226975,21.04600011103321,1476.0,21.0460002720356
4308000,1.298237,0.81321895,10.628000057535246,771.0,10.628000162541866
4309000,1.3222158,0.89667165,None,None,None
4310000,1.3183308,0.8489873,22.27600011881441,1475.0,22.2759992480278
4311000,1.3440393,0.8526171,17.67300009750761,1307.0,17.67299995571375
4312000,1.3429165,0.9093689,None,None,None
4313000,1.3021336,0.86348486,21.16900010756217,1464.0,21.169000402092934
4314000,1.2968098,0.8515691,21.205000109854154,1476.0,21.2050001360476
4315000,1.3172786,0.86836994,None,None,None
4316000,1.3501375,0.8440434,22.143000122043304,1476.0,22.14300025254488
4317000,1.3153882,0.8801276,21.25100011716131,1476.0,21.250999376177788
4318000,1.3431244,0.9035492,None,None,None
4319000,1.3138098,0.8733998,22.176000115578063,1476.0,22.17599928379059
4320000,1.311334,0.83076024,22.21900012565311,1476.0,22.218999471515417
4321000,1.3209368,0.9181757,None,None,None
4322000,1.334783,0.88564247,22.249000115669332,1476.0,22.24899986386299
4323000,1.3200808,0.8823102,22.139000113704242,1476.0,22.13899962604046
4324000,1.3307977,0.88198024,None,None,None
4325000,1.357864,0.8896364,22.18300010985695,1476.0,22.183000415563583
4326000,1.3222117,0.835283,10.68450006225612,780.0,10.684499397873878
4327000,1.343375,0.8808162,None,None,None
4328000,1.328952,0.889268,14.88700007495936,1019.5,14.887000404298306
4329000,1.3137643,0.87740535,None,None,None
4330000,1.3781136,0.8719413,21.03000010922551,1468.0,21.030000314116478
4331000,1.3246752,0.79587775,10.668000056932215,779.5,10.668000187724829
4332000,1.3531423,0.83907557,None,None,None
4333000,1.3163497,0.9546743,10.612000061315484,779.5,10.611999925225973
4334000,1.3198266,0.7998317,None,None,None
4335000,1.2868458,0.8636736,22.17300012439955,1473.0,22.173000067472458
4336000,1.2970374,0.77108675,18.75700010091532,1385.0,18.757000103592873
4337000,1.3010036,0.8460485,21.02100012486335,1469.0,21.021000508219004
4338000,1.325661,0.8665242,None,None,None
4339000,1.3202332,0.8694554,19.70300010952633,1381.0,19.702999636530876
4340000,1.3040742,0.83631825,11.164000061398838,769.0,11.164000019431114
4341000,1.3197281,0.86353326,None,None,None
4342000,1.3068208,0.86398035,21.10500011825934,1459.0,21.105000615119934
4343000,1.3381817,0.83065635,11.234000067808665,827.0,11.233999535441399
4344000,1.2996773,0.9053646,21.10600011132192,1468.0,21.106001056730747
4345000,1.3277265,0.91020197,None,None,None
4346000,1.2928895,0.7817315,7.9820000464872765,592.6666666666666,7.98199987411499
4347000,1.3385137,0.8098276,None,None,None
4348000,1.2955163,0.8565527,9.609000054731345,736.0,9.60899999861916
4349000,1.3211738,0.91397864,None,None,None
4350000,1.3084196,0.8644797,13.129000073182397,950.5,13.129000386688858
4351000,1.3059676,0.8543433,None,None,None
4352000,1.3325495,0.8660297,20.983000116073526,1459.0,20.982999734580517
4353000,1.3426912,0.89878106,22.238000123994425,1476.0,22.237999826669693
4354000,1.3023183,0.86352277,11.327000067569315,851.0,11.327000632882118
4355000,1.3208237,0.8940556,None,None,None
4356000,1.3214371,0.89557195,21.141000111121684,1461.0,21.141000635921955
4357000,1.329483,0.86226016,21.15300012321677,1476.0,21.152999579906464
4358000,1.2816484,0.9233622,None,None,None
4359000,1.3387998,0.7966811,10.74400006083306,777.5,10.744000248610973
4360000,1.2998989,0.87735206,22.073000124306418,1462.0,22.07299998961389
4361000,1.3328934,0.8941575,None,None,None
4362000,1.2801602,0.87568414,21.059000113978982,1476.0,21.058999583125114
4363000,1.3248672,0.84727734,21.119000107981265,1476.0,21.119000293314457
4364000,1.3149683,0.8516993,None,None,None
4365000,1.3276833,0.8431285,21.076000107219443,1476.0,21.07600037753582
4366000,1.2937982,0.88333964,22.28300011192914,1476.0,22.283000081777573
4367000,1.2989142,0.8926092,None,None,None
4368000,1.3307459,0.84588724,11.145500060927588,769.0,11.145500108599663
4369000,1.3108741,0.876004,12.37950006662868,878.0,12.379500146955252
4370000,1.3304253,0.82191545,1.3960000099614263,209.0,1.396000236272812
4371000,1.3057239,0.9233013,21.184000128647313,1465.0,21.184000220149755
4372000,1.2940323,0.89981234,None,None,None
4373000,1.2955967,0.84619856,22.291000112891197,1476.0,22.29100012779236
4374000,1.3095738,0.8988409,22.166000116732903,1476.0,22.16599988937378
4375000,1.3012366,0.91503716,None,None,None
4376000,1.3489275,0.847032,22.285000125761144,1476.0,22.285000063478947
4377000,1.3155425,0.75663674,22.031000112299807,1476.0,22.030999720096588
4378000,1.2948761,0.8311973,None,None,None
4379000,1.2950743,0.8592631,22.162000128766522,1476.0,22.16199952363968
4380000,1.2818432,0.8807871,11.171500060649123,781.5,11.171499975025654
4381000,1.3137169,0.872264,None,None,None
4382000,1.3084524,0.8108247,22.101000111550093,1470.0,22.101000100374222
4383000,1.3326225,0.900623,21.15000010910444,1476.0,21.150000542402267
4384000,1.327593,0.8534019,None,None,None
4385000,1.3000535,0.87494767,22.12000011606142,1476.0,22.1200003772974
4386000,1.3376526,0.82714444,21.02600012475159,1476.0,21.026000171899796
4387000,1.304925,0.87880766,None,None,None
4388000,1.3141806,0.8736117,22.200000106706284,1476.0,22.20000024139881
4389000,1.2836646,0.8346211,8.866500053030904,670.5,8.866500116884708
4390000,1.3116779,0.90919566,None,None,None
4391000,1.3137456,0.86555797,15.622000082861632,1110.0,15.62200016900897
4392000,1.2945294,0.86831427,None,None,None
4393000,1.3004692,0.79203415,16.458000096841715,1238.0,16.457999974489212
4394000,1.2912453,0.8797698,12.495000077877194,869.5,12.494999747723341
4395000,1.311373,0.8931777,None,None,None
4396000,1.2674127,0.89532304,22.247000126168132,1462.0,22.24699965119362
4397000,1.3156154,0.86150724,21.202000110875815,1476.0,21.202000215649605
4398000,1.2946577,0.85431,None,None,None
4399000,1.3172184,0.8347766,11.098000063851941,767.0,11.09799974039197
4400000,1.3278153,0.9153052,22.153000118443742,1467.0,22.152999728918076
4401000,1.296453,0.891077,None,None,None
4402000,1.2922268,0.84600526,20.991000104811974,1476.0,20.99100043065846
4403000,1.3126369,0.92750275,22.28900011163205,1476.0,22.28900032490492
4404000,1.3078723,0.80130905,1.6210000173887238,239.0,1.6209999918937683
4405000,1.312885,0.80678046,21.263000117382035,1467.0,21.26299984380603
4406000,1.2837443,0.8167445,None,None,None
4407000,1.2926754,0.9536687,21.11300012341235,1476.0,21.11299952864647
4408000,1.279176,0.8482165,14.93100008345209,1024.0,14.930999629199505
4409000,1.316383,0.84333336,21.078000116162002,1468.0,21.07800007611513
4410000,1.3284255,0.8816656,11.440000063739717,883.0,11.439999744296074
4411000,1.3385135,0.83555204,None,None,None
4412000,1.3087926,0.8864203,21.10400010307785,1461.0,21.10399983264506
4413000,1.3033445,0.88391435,22.134000118123367,1476.0,22.1339992582798
4414000,1.3107092,0.85795194,8.941000048536807,699.0,8.941000536084175
4415000,1.3025303,0.91539365,22.266000112635083,1465.0,22.266000226140022
4416000,1.298318,0.92237777,None,None,None
4417000,1.3405024,0.7944979,22.06500011065509,1476.0,22.06500068306923
4418000,1.3090186,0.87333274,21.097000109381042,1476.0,21.097000792622566
4419000,1.2974151,0.91162205,None,None,None
4420000,1.3301457,0.86750174,22.203000124776736,1476.0,22.202999159693718
4421000,1.310666,0.8594865,10.724000063084532,792.0,10.723999917507172
4422000,1.2721325,0.8474648,None,None,None
4423000,1.296675,0.8472604,11.29700006521307,853.5,11.29700006917119
4424000,1.3160549,0.9059005,9.938000045367517,748.0,9.938000459223986
4425000,1.3302923,0.9033414,22.18100010813214,1471.0,22.181000366806984
4426000,1.2814473,0.8656268,2.6920000163372606,268.0,2.6920000687241554
4427000,1.2978709,0.817694,21.08300012210384,1470.0,21.083000355400145
4428000,1.300243,0.8663578,None,None,None
4429000,1.3112855,0.8473436,21.221000124933198,1476.0,21.221000157296658
4430000,1.2930093,0.82595855,22.112000117078424,1476.0,22.112000197172165
4431000,1.2961375,0.86683714,None,None,None
4432000,1.3170062,0.783951,8.841000051276447,656.3333333333334,8.841000246504942
4433000,1.3171749,0.8944155,None,None,None
4434000,1.2819339,0.8312637,11.217500060331076,784.0,11.217499932274222
4435000,1.3516741,0.8581923,21.074000120395795,1463.0,21.074000902473927
4436000,1.2769231,0.9018825,None,None,None
4437000,1.3002104,0.8986567,21.16800011205487,1476.0,21.168000251054764
4438000,1.280159,0.87539357,22.198000117088668,1476.0,22.197999849915504
4439000,1.3100812,0.8902355,None,None,None
4440000,1.2931352,0.8958275,22.212000121362507,1476.0,22.211999729275703
4441000,1.2561996,0.8929643,22.260000127833337,1476.0,22.260000199079514
4442000,1.3241003,0.87386996,None,None,None
4443000,1.2806733,0.89727336,18.78300010296516,1359.0,18.782999381422997
4444000,1.3122793,0.8190598,11.193500067282002,761.0,11.19349967688322
4445000,1.3122336,0.8275172,None,None,None
4446000,1.306343,0.9088158,21.03300011274405,1465.0,21.033000025898218
4447000,1.3020076,0.803457,13.840000080759637,1060.0,13.840000197291374
4448000,1.2798342,0.862634,12.493000073416624,885.0,22.227000065147877
4449000,1.2895901,0.8299787,None,None,2.7589997947216034
4450000,1.3022747,0.86215985,21.188000120804645,1467.0,21.187999293208122
4451000,1.2820032,0.8869527,16.4560000912752,1201.0,16.456000298261642
4452000,1.3291951,0.9001018,None,None,None
4453000,1.3064723,0.8189645,11.157000058388803,774.5,11.157000364735723
4454000,1.2847568,0.9095789,21.161000111955218,1463.0,21.161000344902277
4455000,1.3153895,0.89433825,None,None,None
4456000,1.2929673,0.88971055,18.931000115233473,1402.0,18.93099917471409
4457000,1.3336856,0.8461404,14.089000085252337,1116.0,14.089000150561333
4458000,1.3295058,0.8447704,21.07100010861177,1467.0,21.071000203490257
4459000,1.2840487,0.94517803,3.934000030043535,339.0,3.9339999705553055
4460000,1.3037612,0.8393742,22.161000119056553,1464.0,22.16100011765957
4461000,1.2933263,0.8067823,None,None,None
4462000,1.2501503,0.84987,11.293000073754229,843.5,11.29299971088767
4463000,1.3167806,0.8849738,21.10000010789372,1461.0,21.10000019473955
4464000,1.2839501,0.8444963,2.5600000174017623,227.0,2.560000032186508
4465000,1.3286124,0.8477151,14.939000080572441,1059.0,14.939000487327576
4466000,1.277566,0.87373585,21.131000110763125,1469.0,21.130999956279993
4467000,1.3210341,0.85545903,None,None,None
4468000,1.3281788,0.8495749,22.138000100501813,1476.0,22.138000555336475
4469000,1.2936088,0.7588411,9.39400005392963,702.5,9.394000053405762
4470000,1.2724825,0.83196396,None,None,None
4471000,1.2910115,0.9085504,22.003000117838383,1465.0,22.00299935042858
4472000,1.2938597,0.8691792,10.705500061332714,769.5,10.70550024881959
4473000,1.2791753,0.87793857,11.314000068348832,766.0,11.313999816775322
4474000,1.310546,0.85907596,21.11500011663884,1466.0,21.11500007286668
4475000,1.2949997,0.90038234,None,None,None
4476000,1.2865435,0.8598964,22.34400012192782,1476.0,22.34399998933077
4477000,1.2875425,0.9143415,21.073000111267902,1476.0,21.073000483214855
4478000,1.3053062,0.8285805,11.3290000569541,870.0,11.329000487923622
4479000,1.2685409,0.84455967,4.538000028231181,370.0,4.538000047206879
4480000,1.30022,0.8624188,None,None,None
4481000,1.3374178,0.831352,21.281000118586235,1473.0,21.28099999576807
4482000,1.3022308,0.862073,22.248000118182972,1476.0,22.248000532388687
4483000,1.2915492,0.8345375,None,None,None
4484000,1.2874217,0.8906366,21.069000112707727,1476.0,21.06900054216385
4485000,1.2814521,0.85085195,22.20300012291409,1476.0,22.20300041139126
4486000,1.3044573,0.8369706,12.474000071291812,860.0,12.473999455571175
4487000,1.3261299,0.82702917,21.00800011283718,1468.0,21.007999941706657
4488000,1.2917233,0.9137753,None,None,None
4489000,1.2834705,0.842792,22.331000120262615,1476.0,22.331000212579966
4490000,1.2783633,0.8316093,9.59650005644653,756.0,9.59650019556284
4491000,1.320783,0.8036984,None,None,None
4492000,1.2995361,0.89745396,21.01000010687858,1473.0,21.010000556707382
4493000,1.2902664,0.85207087,21.184000121545978,1476.0,21.18400013446808
4494000,1.314492,0.85809404,2.6620000189868733,228.0,2.66199991106987
4495000,1.3053442,0.9149223,22.182000115746632,1460.0,22.181999802589417
4496000,1.3174608,0.8041633,None,None,None
4497000,1.2723452,0.87964904,10.681500063510612,775.5,10.681500039994717
4498000,1.3529589,0.84553754,21.1770001106197,1466.0,21.176999546587467
4499000,1.3154176,0.9470463,11.202000073390082,773.0,11.201999574899673
4500000,1.3162097,0.8485004,None,None,None
